dim,numpy_s,jax_eager_s,jax_jit_s
3,0.0003446379999978433,0.07421389949999835,0.07421389949999835
8,0.0009623135000005334,0.20729879350000147,0.07421389949999835
16,0.0024017405000016367,0.43487369650000574,0.20729879350000147
32,0.006637107499997796,0.966692623500002,0.20729879350000147
64,0.028130196499986937,3.2279982080000025,0.43487369650000574
