h,max_abs_err,rel_err_pct
0.1,0.0290134885807396,1.9114295225243698
0.01,0.00029318771851660763,0.019315418042704157
0.001,2.9322094443617885e-06,0.00019317606990214026
0.0001,2.8609746349772536e-08,1.884830693582696e-06
1e-05,6.44783525238779e-07,4.247880300050847e-05
1e-06,0.00010886393737097322,0.00717203459522129
1e-07,0.005551115123125784,0.3657114620927686
1e-08,0.5324747096239965,35.07981734566554
